Participant,Gender,DOB,DOT
P01,F,2016-06-19,2017-09-22
P02,F,NA,NA
P03,F,2016-06-12,2017-09-25
P04,F,2016-07-09,2017-09-26
P05,M,2016-06-14,2017-09-26
P06,F,2016-06-26,2017-09-27
P07,M,2016-07-07,2017-09-27
P08,M,2016-06-21,2017-09-27
P09,M,2016-06-24,2017-09-28
P10,M,2016-06-21,2017-09-28
P11,F,2016-07-06,2017-09-29
P12,M,2016-06-24,2017-09-29
P13,F,2016-06-23,2017-09-29
P14,F,2016-07-14,2017-10-04
P15,F,2016-07-20,2017-10-06
P16,M,2016-07-01,2017-10-09
P17,M,2016-07-28,2017-10-17
P18,M,2016-07-17,2017-10-18
P19,F,2016-07-18,2017-10-19
P20,M,2016-08-04,2017-10-21
P21,M,2016-07-31,2017-10-23
P22,F,2016-07-17,2017-10-24
P23,M,2016-08-10,2017-10-26
P24,M,2016-08-15,2017-10-31
P25,M,2016-08-07,2017-11-01
P26,M,2016-08-12,2017-11-02
P27,M,2016-08-02,2017-11-02
P28,F,NA,NA
P29,F,2016-08-11,2017-11-07
P30,F,2016-08-16,2017-11-10
P31,F,2016-08-16,2017-11-10
P32,M,2016-08-17,2017-11-10
P33,F,2016-08-11,2017-11-14
P34,M,2016-08-28,2017-11-16
P35,F,2016-08-08,2017-11-22
P36,F,2016-09-07,2017-11-24
P37,F,2016-09-03,2017-11-27
P38,F,2016-09-10,2017-11-28
P39,F,2016-09-09,2017-11-28
P40,M,2016-09-11,2017-11-29
P41,M,2016-09-17,2017-12-05
P42,F,2016-09-29,2017-12-05
P43,M,2016-09-21,2017-12-05
P44,NA,NA,NA
P45,M,2016-09-27,2017-12-12
P46,M,2016-09-27,2017-12-13
P47,M,2016-09-29,2017-12-14
P48,F,2016-09-23,2017-12-15
P49,M,2016-09-27,2017-12-15
P50,M,2016-11-18,2018-01-04
P51,M,2016-11-06,2018-02-07
P52,M,2016-11-18,2018-02-13
P53,M,2016-11-13,2018-02-20
P54,F,2016-11-13,2018-02-23
P55,M,2016-11-11,2018-02-23
P56,F,2016-12-14,2018-03-22
P57,F,2016-12-17,2018-03-23
P58,M,2016-12-22,2018-03-23
P59,F,2017-03-13,2018-05-28
P60,F,2017-03-19,2018-05-29
P61,F,2017-03-12,2018-05-30
P62,F,2017-03-12,2018-06-01
P63,F,2017-03-11,2018-06-01
P64,F,2017-02-23,2018-06-01
